Date,Open,Close,High,Low,Volume,company
2022-01-17,197.08,194.08,197.08,192.0,162598.0,
2022-01-18,194.0,189.64,195.2,187.2,204240.0,
2022-01-19,190.8,187.6,192.0,186.0,144065.0,
2022-01-20,187.6,192.6,192.8,185.08,139968.0,
2022-01-23,195.2,192.0,196.0,190.0,150700.0,
2022-01-24,190.0,185.6,190.0,184.8,228358.0,
2022-01-25,185.56,185.2,188.4,183.2,100632.0,
2022-01-26,187.2,182.76,187.2,181.2,127391.0,
2022-01-27,182.0,182.8,185.2,182.0,77668.0,
2022-01-30,185.2,191.6,192.0,185.2,181534.0,
2022-01-31,194.0,188.04,194.0,188.0,95182.0,
2022-02-01,188.0,192.0,193.8,187.2,170026.0,
2022-02-03,189.36,190.8,198.0,189.36,273319.0,
2022-02-06,190.8,188.4,190.8,186.8,105809.0,
2022-02-07,187.2,189.2,192.0,186.8,85951.0,
2022-02-08,191.6,188.0,196.88,187.6,168317.0,
2022-02-09,188.0,187.28,188.8,186.0,58215.0,
2022-02-10,188.0,186.6,189.2,184.8,54866.0,
2022-02-13,186.6,180.4,186.6,179.6,145952.0,
2022-02-14,180.0,181.6,184.76,179.2,83109.0,
2022-02-15,183.96,186.4,188.0,181.2,66135.0,
2022-02-16,188.0,183.2,188.8,182.4,60584.0,
2022-02-17,184.4,182.8,184.8,182.04,40354.0,
2022-02-20,180.36,182.4,185.2,178.0,101260.0,
2022-02-21,183.2,184.0,185.2,182.4,37422.0,
2022-02-22,186.48,184.8,186.8,184.44,69622.0,
2022-02-23,185.2,189.56,194.0,185.2,207908.0,
2022-02-24,192.0,185.2,192.0,184.4,132537.0,
2022-02-27,185.2,186.0,188.8,183.24,83539.0,
2022-02-28,188.4,182.8,192.0,182.36,107485.0,
2022-03-02,185.24,178.96,185.24,178.0,119075.0,
2022-03-06,178.96,177.64,183.72,177.64,76236.0,
2022-03-07,178.0,175.52,180.0,175.24,66705.0,
2022-03-09,177.56,171.4,177.56,170.48,60791.0,
2022-03-10,173.6,178.0,178.2,168.0,95856.0,
2022-03-13,180.0,183.16,184.44,179.2,83804.0,
2022-03-14,185.6,182.0,185.6,180.4,18191.0,
2022-03-15,182.0,179.8,183.2,178.84,66017.0,
2022-03-16,180.0,178.8,182.0,178.4,44702.0,
2022-03-20,180.8,177.6,180.8,177.2,30649.0,
2022-03-21,177.6,180.0,182.4,176.8,55854.0,
2022-03-22,182.36,179.2,184.0,178.8,40978.0,
2022-03-23,180.0,179.2,181.2,178.4,31571.0,
2022-03-24,180.0,177.6,180.0,176.4,50566.0,
2022-03-27,177.6,174.16,179.6,173.2,65804.0,
2022-03-28,172.12,171.6,175.84,171.6,44344.0,
2022-03-29,172.0,171.56,174.8,170.0,26200.0,
2022-03-30,172.8,176.0,176.0,170.8,51479.0,
2022-03-31,177.16,172.4,177.2,172.0,40331.0,
2022-04-03,174.0,170.12,174.0,170.12,29137.0,
2022-04-04,170.4,169.6,172.0,169.2,28207.0,
2022-04-05,171.6,167.2,171.6,164.0,64019.0,
2022-04-06,167.2,165.0,169.2,163.6,32959.0,
2022-04-07,166.0,166.4,168.0,163.88,53768.0,
2022-04-11,168.4,164.4,170.56,163.6,38057.0,
2022-04-12,164.4,159.24,164.4,158.8,35588.0,
2022-04-13,161.16,160.4,162.8,156.0,37228.0,
2022-04-17,161.6,157.2,161.6,157.2,24456.0,
2022-04-18,156.0,154.4,158.12,153.2,32927.0,
2022-04-19,154.4,154.0,158.0,150.0,39951.0,
2022-04-20,154.0,149.2,154.8,149.2,38859.0,
2022-04-21,150.84,149.56,150.92,145.76,40304.0,
2022-04-24,151.32,158.48,158.48,150.4,58768.0,
2022-04-25,160.0,158.04,164.0,156.04,50641.0,
2022-04-26,159.6,157.6,161.2,155.8,17272.0,
2022-04-27,156.04,156.8,158.0,154.4,48243.0,
2022-04-28,158.72,155.6,159.2,155.2,36966.0,
2022-05-02,155.6,152.8,156.4,151.16,56829.0,
2022-05-04,152.8,149.2,154.4,148.8,29708.0,
2022-05-05,150.4,146.8,151.16,145.12,47647.0,
2022-05-08,147.6,152.12,154.0,143.6,44947.0,
2022-05-09,153.96,150.8,154.8,150.4,48867.0,
2022-05-10,150.84,155.04,155.6,149.6,48259.0,
2022-05-11,156.0,161.64,163.2,154.8,74193.0,
2022-05-12,163.64,158.44,166.4,158.0,73942.0,
2022-05-17,157.2,152.8,157.2,152.32,39715.0,
2022-05-18,154.4,155.6,159.6,149.4,31738.0,
2022-05-19,157.48,154.0,159.6,152.24,26988.0,
2022-05-20,152.4,153.6,155.6,152.4,14524.0,
2022-05-23,152.0,151.2,153.84,150.0,26742.0,
2022-05-24,151.6,152.4,155.2,150.6,49420.0,
2022-05-25,152.4,152.8,155.8,152.4,33951.0,
2022-05-26,153.6,152.0,154.16,151.6,18815.0,
2022-05-27,151.6,151.6,153.8,150.16,28945.0,
2022-05-30,150.8,150.4,154.0,149.2,24748.0,
2022-05-31,150.4,148.8,151.2,148.0,28384.0,
2022-06-01,148.6,149.56,151.32,147.04,26811.0,
2022-06-02,149.16,148.56,150.36,148.0,19027.0,
2022-06-03,146.96,147.6,149.6,146.92,26837.0,
2022-06-06,148.8,147.6,150.4,146.44,25060.0,
2022-06-07,146.8,146.4,148.4,145.6,21055.0,
2022-06-08,146.8,149.6,152.16,146.0,37243.0,
2022-06-09,150.76,147.6,151.6,146.8,29894.0,
2022-06-10,149.32,146.0,149.32,145.6,22773.0,
2022-06-13,147.2,145.12,147.6,144.4,18892.0,
2022-06-14,144.0,143.4,145.2,143.4,26869.0,
2022-06-15,142.04,141.2,143.52,140.0,41673.0,
2022-06-16,140.8,141.2,143.6,140.0,19846.0,
2022-06-17,141.6,140.08,142.4,140.0,6196.0,
2022-06-19,140.8,137.6,141.6,137.6,34797.0,
2022-06-20,136.12,134.0,139.0,133.6,39790.0,
2022-06-21,133.6,136.8,138.0,133.6,26323.0,
2022-06-22,137.4,134.0,137.4,134.0,17087.0,
2022-06-23,132.6,129.8,132.6,128.4,29364.0,
2022-06-24,128.44,131.16,133.44,124.8,23312.0,
2022-06-26,132.0,138.0,138.24,132.0,62001.0,
2022-06-27,139.2,135.2,141.6,134.12,53399.0,
2022-06-28,136.0,134.72,136.0,132.8,15329.0,
2022-06-29,135.2,136.4,138.4,133.4,41117.0,
2022-06-30,137.2,140.48,141.6,135.68,63299.0,
2022-07-01,141.2,140.4,142.76,139.2,36414.0,
2022-07-03,140.0,144.8,146.4,138.84,54483.0,
2022-07-04,145.6,142.8,150.8,140.0,122540.0,
2022-07-05,144.0,142.0,146.08,141.2,60191.0,
2022-07-06,143.6,143.2,145.2,140.36,33940.0,
2022-07-07,144.8,142.4,146.48,141.6,35297.0,
2022-07-08,143.2,140.0,143.2,139.96,28424.0,
2022-07-11,140.0,135.6,140.04,134.64,54405.0,
2022-07-12,135.6,135.64,138.68,134.12,37024.0,
2022-07-13,136.8,140.8,140.8,136.8,54919.0,
2022-07-14,141.6,141.56,142.8,138.88,31786.0,
2022-07-15,141.56,140.2,141.6,139.96,14354.0,
2022-07-17,141.6,140.4,141.8,139.2,29011.0,
2022-07-18,141.6,140.04,141.6,139.2,18908.0,
2022-07-19,140.8,140.12,142.8,140.04,52176.0,
2022-07-20,140.0,140.8,142.4,140.0,24776.0,
2022-07-21,141.2,140.08,141.56,139.24,23086.0,
2022-07-22,141.6,138.8,141.6,138.08,23923.0,
2022-07-24,139.96,142.8,142.8,138.4,63836.0,
2022-07-25,143.2,147.16,147.6,143.2,98191.0,
2022-07-26,147.2,144.8,148.8,144.0,80430.0,
2022-07-27,143.6,148.0,148.6,142.4,105759.0,
2022-07-28,149.76,150.4,152.4,146.4,162383.0,
2022-07-29,149.4,150.4,151.8,148.2,41775.0,
2022-07-31,152.2,153.84,159.2,152.2,217655.0,
2022-08-01,155.68,155.2,157.92,152.4,131315.0,
2022-08-02,154.0,154.28,156.8,153.2,57065.0,
2022-08-03,155.16,155.2,158.0,154.0,86773.0,
2022-08-04,154.8,151.2,155.96,150.8,74049.0,
2022-08-05,150.8,149.2,153.6,149.0,82865.0,
2022-08-07,148.4,150.6,153.2,148.4,66750.0,
2022-08-08,152.4,149.6,153.2,148.8,59135.0,
2022-08-09,148.48,147.2,150.0,146.8,61656.0,
2022-08-10,146.04,146.0,148.0,145.28,47963.0,
2022-08-11,147.2,144.4,148.52,144.0,61947.0,
2022-08-14,144.4,143.4,147.2,143.2,39670.0,
2022-08-15,144.4,148.8,149.28,143.2,58932.0,
2022-08-16,150.0,145.6,150.4,145.6,67308.0,
2022-08-17,145.6,145.2,146.96,144.8,29340.0,
2022-08-18,146.0,149.96,150.0,145.6,82248.0,
2022-08-21,150.0,148.04,153.52,148.04,72057.0,
2022-08-22,146.4,148.0,149.6,146.4,45062.0,
2022-08-23,147.24,147.2,148.8,146.28,25201.0,
2022-08-24,148.0,146.88,148.8,146.88,19515.0,
2022-08-25,148.6,146.4,148.6,146.0,30432.0,
2022-08-26,148.12,145.4,148.12,144.4,22283.0,
2022-08-28,146.6,142.8,146.72,142.72,51616.0,
2022-08-29,141.16,143.0,143.56,140.8,25451.0,
2022-08-30,141.36,142.8,144.64,141.36,23572.0,
2022-08-31,142.8,141.6,143.8,141.16,23482.0,
2022-09-01,142.8,142.6,143.2,140.04,39328.0,
2022-09-02,144.24,141.6,144.24,140.8,6155.0,
2022-09-04,143.2,141.32,143.2,141.2,10883.0,
2022-09-05,142.36,141.2,142.4,140.64,29585.0,
2022-09-06,139.6,140.0,142.4,139.6,22103.0,
2022-09-07,141.6,139.2,141.6,138.4,14635.0,
2022-09-08,140.0,141.2,142.0,138.0,38785.0,
2022-09-11,142.0,139.56,142.0,138.8,12079.0,
2022-09-12,138.4,138.0,140.4,137.64,14354.0,
2022-09-13,137.6,138.8,140.36,137.6,17229.0,
2022-09-14,140.36,141.96,142.4,139.6,43135.0,
2022-09-15,142.8,138.8,142.8,137.2,46341.0,
2022-09-16,137.28,136.04,138.0,135.2,24817.0,
2022-09-18,137.56,133.96,137.56,132.4,24566.0,
2022-09-20,133.6,129.6,133.6,129.4,34281.0,
2022-09-21,130.8,130.8,132.8,129.6,22764.0,
2022-09-22,129.4,130.8,132.8,129.4,25319.0,
2022-09-25,129.4,128.0,130.0,128.0,19565.0,
2022-09-27,128.0,128.8,131.2,125.32,13267.0,
2022-09-28,128.8,129.2,130.8,128.4,8991.0,
2022-09-29,129.24,129.6,130.0,128.44,13449.0,
2022-10-09,130.0,133.6,133.6,129.6,18876.0,
2022-10-10,133.6,130.4,134.8,129.6,23863.0,
2022-10-11,130.44,128.8,130.44,127.84,11128.0,
2022-10-12,129.6,130.76,132.0,128.0,12482.0,
2022-10-13,132.16,129.56,132.16,129.48,24290.0,
2022-10-16,130.92,128.16,130.92,128.16,14302.0,
2022-10-17,128.8,128.0,129.2,127.56,12572.0,
2022-10-19,127.6,126.6,127.6,126.0,13006.0,
2022-10-20,127.2,126.0,127.2,125.2,18986.0,
2022-10-23,126.8,126.8,127.6,126.04,7894.0,
2022-10-31,128.12,127.56,128.12,124.4,12977.0,
2022-11-01,128.0,131.6,132.36,126.8,40134.0,
2022-11-02,133.0,131.96,134.2,130.4,49157.0,
2022-11-03,132.36,130.4,132.36,130.4,21543.0,
2022-11-06,131.8,133.6,133.6,129.6,30798.0,
2022-11-07,135.04,132.4,135.6,131.2,45326.0,
2022-11-08,131.6,132.0,133.2,131.08,16776.0,
2022-11-09,131.24,128.8,131.24,127.84,22133.0,
2022-11-10,128.8,127.76,129.4,126.0,29186.0,
2022-11-13,127.2,126.0,128.0,124.68,31440.0,
2022-11-14,126.8,128.4,128.8,125.04,26252.0,
2022-11-15,128.4,127.6,130.0,127.12,17574.0,
2022-11-16,128.4,129.6,129.6,127.6,18825.0,
2022-11-17,130.8,131.2,132.0,129.6,39433.0,
2022-11-22,132.2,130.4,133.6,130.04,25570.0,
2022-11-23,130.4,129.96,130.4,129.2,21622.0,
2022-11-24,130.8,130.6,131.28,129.44,17780.0,
2022-11-27,131.6,132.6,132.6,130.4,25619.0,
2022-11-28,132.4,131.2,133.2,130.24,22555.0,
2022-11-29,129.8,131.4,131.96,129.8,14478.0,
2022-11-30,130.4,130.8,131.2,130.4,11648.0,
2022-12-01,130.4,131.12,132.0,129.8,19425.0,
2022-12-04,130.8,130.8,132.4,130.8,15083.0,
2022-12-05,130.8,128.6,131.2,128.6,24142.0,
2022-12-06,128.64,128.44,129.2,128.4,14581.0,
2022-12-07,129.2,127.96,129.2,127.4,15817.0,
2022-12-11,127.2,127.96,128.0,126.8,11431.0,
2022-12-12,127.96,128.8,128.92,126.84,14343.0,
2022-12-13,128.8,128.4,128.8,128.0,4948.0,
2022-12-14,128.4,127.76,129.6,127.2,8254.0,
2022-12-15,127.76,127.2,127.76,126.6,12341.0,
2022-12-18,126.04,125.0,127.2,124.8,15604.0,
2022-12-19,124.44,126.0,126.28,124.4,6261.0,
2022-12-20,127.2,126.6,127.32,125.84,13675.0,
2022-12-21,126.8,125.2,126.8,124.84,10723.0,
2022-12-22,123.92,125.56,125.96,123.92,8149.0,
2022-12-26,126.48,130.4,130.56,126.48,38323.0,
2022-12-27,131.8,134.8,137.44,131.4,107932.0,
2022-12-28,134.8,134.0,135.6,132.4,57601.0,
2022-12-29,134.0,138.4,138.4,132.6,77260.0,
2023-01-01,138.4,139.2,141.6,137.64,115743.0,
2023-01-02,138.0,139.2,140.0,136.04,38954.0,
2023-01-03,138.44,139.6,140.4,137.6,65958.0,
2023-01-04,140.0,143.6,144.4,138.4,82219.0,
2023-01-05,145.24,145.4,146.88,142.8,112881.0,
2023-01-08,147.08,146.52,148.8,144.0,128173.0,
2023-01-09,145.6,154.8,155.16,145.6,157813.0,
2023-01-10,156.0,156.0,163.6,152.0,227279.0,
2023-01-12,157.92,150.4,159.6,150.0,179598.0,
2023-01-17,152.2,155.2,156.4,148.0,176193.0,
2023-01-18,157.08,157.96,161.6,156.0,180847.0,
2023-01-19,158.0,156.8,159.08,155.28,68583.0,
2023-01-23,155.4,153.2,157.6,152.56,78003.0,
2023-01-24,152.0,153.16,153.16,148.8,96397.0,
2023-01-25,154.2,154.8,156.8,152.8,95848.0,
2023-01-26,156.0,160.0,162.4,155.6,295248.0,
2023-01-29,158.8,161.2,163.2,158.4,269117.0,
2023-01-30,163.2,158.32,163.2,156.08,164531.0,
2023-01-31,156.8,156.0,159.12,154.0,97052.0,
2023-02-01,156.0,156.8,158.72,156.0,59788.0,
2023-02-02,158.0,154.8,158.0,153.76,67464.0,
2023-02-05,155.6,154.0,156.28,152.4,56932.0,
2023-02-06,152.8,154.4,154.64,152.2,33926.0,
2023-02-07,155.88,161.0,161.0,154.4,135884.0,
2023-02-08,163.0,159.56,164.8,158.52,176726.0,
2023-02-09,158.0,161.6,161.6,158.0,75234.0,
2023-02-12,163.6,156.0,163.6,155.2,142819.0,
2023-02-14,155.6,154.84,157.6,154.4,53804.0,
2023-02-15,153.6,153.4,157.56,153.4,57991.0,
2023-02-16,153.24,151.6,154.4,150.4,72078.0,
2023-02-20,151.6,151.68,153.2,150.04,50907.0,
2023-02-22,152.8,155.88,155.88,152.24,60535.0,
2023-02-23,154.0,152.4,154.6,151.8,64476.0,
2023-02-26,150.8,152.8,152.96,147.64,94031.0,
2023-02-27,154.64,152.4,154.8,149.84,66921.0,
2023-02-28,152.4,151.88,153.2,151.6,36063.0,
2023-03-01,153.28,150.04,153.28,150.04,18080.0,
2023-03-02,150.04,148.8,151.44,148.8,33899.0,
2023-03-05,150.0,147.56,150.0,146.4,35433.0,
2023-03-07,145.84,148.4,150.8,145.84,30829.0,
2023-03-09,149.76,152.76,153.84,149.6,62784.0,
2023-03-12,154.0,151.36,154.8,150.84,45141.0,
2023-03-13,149.64,150.0,151.2,148.8,27573.0,
2023-03-14,151.76,151.6,152.4,148.84,37302.0,
2023-03-15,153.4,150.4,153.4,149.64,10960.0,
2023-03-16,150.4,150.0,151.6,149.6,14860.0,
2023-03-19,151.2,150.8,151.72,150.16,17674.0,
2023-03-20,151.96,152.2,152.36,150.4,35381.0,
2023-03-22,154.04,151.2,155.2,150.44,27472.0,
2023-03-23,150.4,149.92,151.92,149.6,24209.0,
2023-03-26,148.16,148.8,150.36,148.16,28283.0,
2023-03-27,147.04,150.8,151.2,147.04,27156.0,
2023-03-28,152.6,151.08,152.6,150.0,31762.0,
2023-03-29,152.48,150.4,152.48,149.24,14142.0,
2023-03-30,150.0,149.0,151.68,148.4,19750.0,
2023-04-02,149.0,147.6,150.76,147.04,40048.0,
2023-04-03,146.8,147.2,147.96,146.44,21458.0,
2023-04-04,146.6,146.4,148.0,146.08,13976.0,
2023-04-05,146.2,146.8,147.96,145.32,13757.0,
2023-04-06,146.8,146.6,148.0,145.52,19773.0,
2023-04-09,146.6,144.04,146.8,144.04,16482.0,
2023-04-10,145.32,145.2,146.4,144.4,19727.0,
2023-04-11,146.4,147.44,148.0,144.68,28219.0,
2023-04-12,148.0,152.8,152.8,148.0,61963.0,
2023-04-13,154.0,150.0,154.0,149.24,46775.0,
2023-04-16,150.8,149.72,150.8,148.84,14033.0,
2023-04-17,150.8,147.4,150.8,147.2,25675.0,
2023-04-18,147.4,146.4,148.4,144.8,25345.0,
2023-04-19,147.2,148.68,148.8,146.44,15248.0,
2023-04-20,150.0,149.2,150.36,147.32,54180.0,
2023-04-23,150.76,148.8,150.76,148.4,40581.0,
2023-04-24,148.0,151.96,152.8,148.0,62587.0,
2023-04-25,151.96,153.6,154.4,151.2,91358.0,
2023-04-26,155.44,152.28,155.44,152.0,69851.0,
2023-04-27,152.0,152.28,153.2,151.24,40574.0,
2023-04-30,154.12,148.0,154.12,147.2,99405.0,
2023-05-02,149.16,146.64,149.16,146.4,28908.0,
2023-05-03,146.8,144.4,147.56,144.4,28337.0,
2023-05-04,144.4,146.0,147.08,142.4,43926.0,
2023-05-07,146.0,143.6,146.0,143.2,24385.0,
2023-05-08,143.6,141.16,143.6,140.0,42342.0,
2023-05-09,142.0,142.2,143.4,140.84,31833.0,
2023-05-10,142.8,142.72,143.2,141.56,12080.0,
2023-05-11,142.0,140.4,142.04,140.0,20795.0,
2023-05-14,140.8,139.2,141.2,138.92,25368.0,
2023-05-15,138.6,140.0,140.8,137.2,22080.0,
2023-05-16,138.48,140.0,141.4,138.04,16089.0,
2023-05-17,138.52,142.36,142.4,138.52,18173.0,
2023-05-18,142.36,145.2,146.8,141.6,53592.0,
2023-05-21,146.4,144.8,146.8,144.04,40386.0,
2023-05-22,143.12,145.2,146.0,142.4,23182.0,
2023-05-23,146.88,147.96,148.0,145.36,35512.0,
2023-05-24,149.16,147.6,149.16,146.44,31997.0,
2023-05-28,146.44,145.6,148.4,144.8,54500.0,
2023-05-30,145.6,142.24,146.8,142.0,29717.0,
2023-05-31,141.24,140.4,143.88,140.04,46818.0,
2023-06-01,140.08,143.2,145.2,139.24,43581.0,
2023-06-04,144.84,146.8,148.24,144.84,51405.0,
2023-06-05,148.0,145.2,148.0,145.04,36949.0,
2023-06-06,144.4,147.12,147.6,144.4,31746.0,
2023-06-07,147.6,147.2,149.2,146.8,61553.0,
2023-06-08,147.2,147.0,148.4,146.0,24636.0,
2023-06-11,148.72,148.76,149.56,146.48,74706.0,
2023-06-12,149.6,148.4,149.96,147.6,38392.0,
2023-06-13,148.0,147.96,150.4,147.2,56987.0,
2023-06-14,148.04,147.2,149.56,146.4,88663.0,
2023-06-15,147.92,146.4,147.96,145.6,50714.0,
2023-06-18,147.2,147.16,148.0,145.2,104166.0,
2023-06-19,146.0,146.0,148.36,145.28,58987.0,
2023-06-20,144.8,144.4,146.8,143.84,34994.0,
2023-06-21,144.4,143.6,145.76,143.2,29642.0,
2023-06-22,144.0,142.08,144.4,142.0,30881.0,
2023-06-25,142.4,142.8,144.0,140.8,105247.0,
2023-06-26,144.0,141.6,144.4,140.96,61600.0,
2023-06-27,141.2,144.36,144.36,141.2,36778.0,
2023-06-28,146.04,142.0,146.04,141.8,53536.0,
2023-07-02,143.6,139.6,143.6,138.6,69441.0,
2023-07-03,141.12,139.2,141.12,138.4,42791.0,
2023-07-04,140.0,138.4,140.0,137.68,25767.0,
2023-07-05,137.6,136.0,139.12,136.0,33570.0,
2023-07-06,136.76,136.4,136.8,134.48,30436.0,
2023-07-09,137.2,136.8,139.56,136.2,17318.0,
2023-07-10,137.6,136.0,138.32,135.28,29061.0,
2023-07-11,137.52,134.8,137.52,134.2,20605.0,
2023-07-12,134.24,140.16,140.4,134.24,35129.0,
2023-07-13,141.2,138.0,143.96,137.6,29258.0,
2023-07-16,139.56,137.0,139.56,136.8,11525.0,
2023-07-17,136.08,138.36,139.2,136.08,12609.0,
2023-07-18,139.92,137.4,139.92,137.4,14827.0,
2023-07-19,138.0,136.6,138.4,136.4,20308.0,
2023-07-20,137.6,137.16,138.12,136.12,23105.0,
2023-07-23,137.76,138.4,139.96,135.6,50852.0,
2023-07-24,136.84,138.0,140.0,135.6,27008.0,
2023-07-25,138.6,137.6,139.92,137.2,16732.0,
2023-07-26,137.08,137.2,138.0,136.88,13177.0,
2023-07-27,136.8,136.04,138.0,136.0,26088.0,
2023-07-30,136.8,134.2,137.56,133.6,34492.0,
2023-07-31,135.2,134.68,135.6,134.0,18976.0,
2023-08-01,133.68,132.4,135.52,132.4,17160.0,
2023-08-02,132.4,132.4,132.4,131.04,18696.0,
2023-08-03,133.6,131.6,133.6,130.96,22800.0,
2023-08-06,130.8,129.6,131.24,128.8,19922.0,
2023-08-07,128.8,128.8,130.4,128.4,7864.0,
2023-08-08,128.8,128.0,129.2,127.2,14552.0,
2023-08-09,126.8,130.4,130.72,126.04,24390.0,
2023-08-10,131.0,129.2,131.2,128.8,21808.0,
2023-08-13,129.2,128.4,130.0,127.48,21931.0,
2023-08-14,129.12,126.6,129.12,126.4,17223.0,
2023-08-15,126.6,125.4,126.6,125.2,19460.0,
2023-08-16,125.2,124.4,125.4,123.64,23443.0,
2023-08-17,125.2,124.4,125.68,124.36,8723.0,
2023-08-20,123.12,123.6,126.56,123.12,8367.0,
2023-08-21,124.36,122.68,124.36,122.68,15617.0,
2023-08-22,123.92,123.88,123.92,122.8,7189.0,
2023-08-23,124.4,126.0,127.2,123.28,23846.0,
2023-08-24,126.4,124.44,126.8,124.12,13641.0,
2023-08-27,124.0,124.56,127.0,123.52,13016.0,
2023-08-28,125.2,125.12,125.2,124.0,6797.0,
2023-08-29,123.92,124.96,125.68,123.92,6564.0,
2023-08-30,126.24,123.96,126.24,123.84,8600.0,
2023-09-03,124.0,122.8,124.0,122.4,8706.0,
2023-09-04,124.04,121.6,124.04,121.6,8963.0,
2023-09-05,122.8,122.0,122.8,121.64,2936.0,
2023-09-07,120.8,119.16,122.0,118.8,24824.0,
2023-09-10,119.6,118.0,120.32,117.64,15699.0,
2023-09-11,118.0,120.08,120.08,117.68,20111.0,
2023-09-12,120.4,118.32,120.8,118.28,4186.0,
2023-09-13,118.8,121.6,121.6,118.4,25813.0,
2023-09-17,121.6,119.2,121.6,118.44,17738.0,
2023-09-18,119.6,119.2,121.2,118.8,7534.0,
2023-09-19,119.6,121.88,122.2,118.8,16608.0,
2023-09-21,123.08,128.04,128.04,122.4,69891.0,
2023-09-24,128.04,126.84,130.32,125.2,35333.0,
2023-09-25,125.56,125.6,128.16,124.84,19749.0,
2023-09-26,126.88,128.4,130.4,126.88,30225.0,
2023-09-27,128.4,126.8,128.8,126.2,23536.0,
2023-10-01,127.4,124.96,127.4,124.0,26776.0,
2023-10-02,124.0,125.2,127.52,123.48,22532.0,
2023-10-03,124.0,125.2,126.28,124.0,10063.0,
2023-10-04,125.2,124.6,126.6,124.6,23175.0,
2023-10-05,124.0,124.8,125.88,124.0,10232.0,
2023-10-08,123.56,122.68,125.6,121.6,36228.0,
2023-10-09,122.4,122.48,123.6,121.2,15166.0,
2023-10-10,122.0,120.88,122.8,120.4,8628.0,
2023-10-11,121.6,122.4,122.92,120.4,13566.0,
2023-10-12,121.6,120.0,121.92,119.68,17007.0,
2023-10-16,120.0,119.24,122.4,119.2,11405.0,
2023-10-17,120.0,119.64,121.6,119.56,13071.0,
2023-10-18,120.4,122.0,123.2,120.0,6203.0,
2023-10-19,120.84,121.28,122.76,120.8,4039.0,
2023-10-29,120.08,119.6,120.36,119.2,9997.0,
2023-10-30,118.48,120.8,121.0,118.0,4669.0,
2023-10-31,121.6,120.0,121.6,119.44,7088.0,
2023-11-01,120.0,120.0,121.2,119.32,7461.0,
2023-11-02,118.88,120.0,120.0,118.8,4489.0,
2023-11-05,118.8,118.8,119.6,118.4,12381.0,
2023-11-06,118.8,119.4,120.36,118.8,6575.0,
2023-11-07,118.84,119.24,120.8,118.8,7278.0,
2023-11-08,119.6,119.8,120.0,119.6,3410.0,
2023-11-09,120.96,119.2,120.96,119.2,4331.0,
2023-11-20,119.6,119.24,121.2,119.2,6146.0,
2023-11-21,118.8,117.6,119.76,117.6,8302.0,
2023-11-22,116.8,118.44,119.88,116.8,4516.0,
2023-11-23,118.96,119.6,119.92,116.52,13302.0,
2023-11-26,120.0,121.68,121.68,119.56,11424.0,
2023-11-27,122.0,119.68,122.4,119.68,15336.0,
2023-11-28,120.4,120.76,120.8,119.2,16326.0,
2023-11-29,120.64,120.0,120.64,119.2,1485.0,
2023-11-30,119.2,119.48,120.0,118.44,5804.0,
2023-12-03,118.36,118.8,118.8,118.04,10888.0,
2023-12-04,118.4,118.4,119.96,118.04,8645.0,
2023-12-05,118.8,119.08,119.52,117.8,6442.0,
2023-12-06,119.6,118.12,119.6,117.68,8272.0,
2023-12-07,118.8,119.2,120.52,117.68,15460.0,
2023-12-10,120.36,124.0,125.04,120.36,7960.0,
2023-12-11,124.8,123.6,127.2,122.4,49800.0,
2023-12-12,124.8,127.6,129.2,123.56,54665.0,
2023-12-13,128.4,129.0,131.16,128.0,49034.0,
2023-12-14,128.0,135.6,135.6,126.4,84715.0,
2023-12-17,135.6,142.88,142.88,131.28,134141.0,
2023-12-18,141.24,146.0,147.6,139.8,146656.0,
2023-12-19,144.28,146.8,153.6,141.2,156191.0,
2023-12-20,145.08,150.0,153.6,145.08,115186.0,
2023-12-21,148.2,151.6,156.0,145.24,69095.0,
2023-12-24,149.8,143.2,152.8,142.44,220329.0,
2023-12-27,143.2,140.0,146.0,137.8,97115.0,
2023-12-28,141.6,140.0,144.0,135.32,79792.0,
2024-01-01,141.6,137.6,142.0,136.84,60705.0,
2024-01-02,137.6,134.52,139.12,134.52,62033.0,
2024-01-03,134.24,138.4,138.8,134.24,47961.0,
2024-01-04,139.96,139.6,142.0,139.2,82308.0,
2024-01-07,140.8,140.04,143.6,140.0,76014.0,
2024-01-08,140.8,141.2,141.64,139.2,41935.0,
2024-01-09,142.0,141.2,144.0,140.04,85620.0,
2024-01-10,142.0,139.6,142.0,139.6,41716.0,
2024-01-11,141.16,140.64,141.6,139.44,63417.0,
2024-01-14,141.2,145.6,146.36,141.2,99643.0,
2024-01-16,147.28,149.2,151.8,146.6,157557.0,
2024-01-17,150.8,144.28,150.8,144.28,143971.0,
2024-01-18,142.6,145.48,147.2,141.96,110717.0,
2024-01-21,147.16,154.0,154.0,146.4,522775.0,
2024-01-22,155.88,154.8,160.0,150.6,266454.0,
2024-01-23,152.92,152.0,158.0,151.36,94970.0,
2024-01-24,150.16,149.56,154.0,148.28,147418.0,
2024-01-25,151.2,148.8,151.2,147.2,77176.0,
2024-01-28,149.6,151.16,152.4,147.2,70666.0,
2024-01-29,152.0,152.8,153.8,150.92,102319.0,
2024-01-30,154.0,155.48,156.8,153.2,159028.0,
2024-01-31,157.36,152.0,157.36,151.6,109879.0,
2024-02-01,150.6,150.32,151.8,149.64,62985.0,
2024-02-04,149.0,151.56,152.2,148.52,62337.0,
2024-02-05,151.96,150.8,153.16,150.0,31110.0,
2024-02-06,151.96,151.6,153.6,150.44,30694.0,
2024-02-07,151.6,152.24,153.0,151.2,36794.0,
2024-02-08,153.2,151.64,153.2,151.0,54208.0,
2024-02-11,152.8,152.8,154.0,152.0,71525.0,
2024-02-12,153.2,154.6,154.8,153.04,75970.0,
2024-02-13,156.48,152.4,156.48,152.12,78328.0,
2024-02-14,152.0,151.6,153.56,151.6,48609.0,
2024-02-15,152.8,153.6,156.8,151.2,128953.0,
2024-02-18,155.44,156.76,160.0,154.0,254376.0,
2024-02-20,156.76,154.24,158.0,154.2,108024.0,
2024-02-21,156.0,152.4,156.0,151.4,53583.0,
2024-02-22,152.8,149.88,154.0,149.2,101468.0,
2024-02-25,151.64,148.04,151.64,148.04,50505.0,
2024-02-26,147.2,149.6,150.52,147.2,50998.0,
2024-02-27,151.2,149.6,151.2,148.2,25565.0,
2024-02-28,149.6,148.04,149.6,148.0,37682.0,
2024-02-29,149.2,145.24,149.6,145.2,63261.0,
2024-03-03,146.92,144.6,146.92,144.0,25791.0,
2024-03-04,146.28,146.8,153.04,146.28,4000.0,
2024-03-05,148.52,148.4,151.8,148.0,100042.0,
2024-03-06,148.0,148.6,150.8,146.8,49423.0,
2024-03-07,150.0,150.4,153.84,150.0,48807.0,
2024-03-10,151.6,150.76,152.2,150.4,36373.0,
2024-03-12,152.56,151.6,154.4,150.8,44254.0,
2024-03-13,151.6,151.48,153.2,150.8,24905.0,
2024-03-14,153.28,151.12,153.28,150.0,25411.0,
2024-03-17,151.2,148.8,151.2,148.64,32056.0,
2024-03-18,150.0,148.8,150.0,148.4,19783.0,
2024-03-19,150.0,148.8,150.0,148.4,34299.0,
2024-03-20,150.56,148.6,150.6,148.0,12212.0,
2024-03-21,147.84,146.8,149.4,146.8,34794.0,
2024-03-25,146.8,146.56,146.8,145.6,16308.0,
2024-03-26,147.2,147.6,148.28,145.76,28210.0,
2024-03-27,146.4,146.0,148.0,146.0,23690.0,
2024-03-28,145.2,146.44,148.0,145.2,22814.0,
2024-03-31,147.2,147.2,148.16,146.8,17311.0,
2024-04-01,146.04,147.24,148.08,146.04,23076.0,
2024-04-02,147.24,146.0,148.28,146.0,14715.0,
2024-04-03,145.6,145.96,146.8,145.6,15610.0,
2024-04-04,146.0,145.56,146.0,144.96,20130.0,
2024-04-07,146.0,146.4,146.76,145.2,14670.0,
2024-04-09,148.12,146.44,148.12,146.08,20485.0,
2024-04-10,147.68,146.0,147.72,145.6,37298.0,
2024-04-14,144.8,145.6,146.76,144.8,13382.0,
2024-04-15,145.6,144.4,146.88,144.4,17823.0,
2024-04-16,146.0,144.0,146.0,143.24,22539.0,
2024-04-18,143.2,142.48,144.4,142.4,13258.0,
2024-04-21,142.0,144.8,146.0,142.0,21880.0,
2024-04-22,145.92,144.6,146.0,143.6,12662.0,
2024-04-24,144.0,144.0,144.8,142.92,10190.0,
2024-04-25,143.04,142.8,144.0,142.4,19442.0,
2024-04-28,142.84,143.2,144.0,141.6,12920.0,
2024-04-29,143.2,143.16,143.6,142.24,14735.0,
2024-04-30,142.0,145.6,147.2,142.0,24984.0,
2024-05-02,146.88,144.76,146.88,143.6,15539.0,
2024-05-05,143.24,143.2,144.0,142.4,8510.0,
2024-05-06,144.4,142.36,144.4,141.88,13491.0,
2024-05-07,142.4,142.0,142.8,141.44,14795.0,
2024-05-08,142.8,141.56,142.8,141.2,11649.0,
2024-05-09,140.4,141.56,142.0,140.4,10906.0,
2024-05-12,140.8,141.76,143.16,140.8,15553.0,
2024-05-13,142.0,140.8,142.0,140.4,25440.0,
2024-05-14,142.0,144.0,144.04,140.6,23018.0,
2024-05-15,145.12,142.8,145.2,142.4,11762.0,
2024-05-16,142.0,141.24,143.56,141.2,16277.0,
2024-05-19,142.4,142.84,142.84,141.24,21394.0,
2024-05-20,143.96,143.2,144.0,142.4,19278.0,
2024-05-21,143.2,143.92,144.0,142.0,24419.0,
2024-05-22,144.16,143.2,144.4,142.88,21502.0,
2024-05-26,143.2,142.4,144.0,142.2,17867.0,
2024-05-27,142.4,142.2,143.56,141.6,10419.0,
2024-05-29,143.4,141.96,143.84,141.72,16491.0,
2024-05-30,140.8,141.2,142.8,140.8,15763.0,
2024-06-02,141.8,141.6,143.2,141.28,13349.0,
2024-06-03,140.8,141.92,141.92,140.8,16323.0,
2024-06-04,140.88,141.52,141.56,140.52,22291.0,
2024-06-05,139.96,140.8,141.96,139.96,25263.0,
2024-06-06,142.4,140.8,142.72,140.0,17457.0,
2024-06-09,141.6,139.32,141.6,139.24,32117.0,
2024-06-10,137.76,140.8,141.96,137.76,21367.0,
2024-06-11,142.0,144.4,147.2,141.2,52785.0,
2024-06-12,145.16,143.6,145.6,143.52,32187.0,
2024-06-13,142.48,144.0,145.2,142.48,32557.0,
2024-06-16,145.2,146.76,150.0,144.8,106780.0,
2024-06-18,146.4,145.44,148.04,145.44,42372.0,
2024-06-19,145.2,146.16,147.12,145.2,19936.0,
2024-06-20,147.88,144.8,147.88,144.16,25168.0,
2024-06-23,146.04,144.0,146.48,143.2,55957.0,
2024-06-24,142.8,144.0,146.36,142.4,46780.0,
2024-06-25,145.68,143.2,145.72,142.8,48011.0,
2024-06-26,142.84,142.8,144.8,142.48,22591.0,
2024-06-27,143.6,142.76,143.6,142.28,20975.0,
2024-06-30,142.44,141.8,142.8,141.2,28990.0,
2024-07-01,141.6,141.76,142.8,140.84,14488.0,
2024-07-02,143.36,144.4,148.4,142.48,56772.0,
2024-07-03,143.0,142.8,143.96,142.4,17290.0,
2024-07-04,143.6,151.08,151.08,143.6,291775.0,
2024-07-07,152.88,153.6,160.0,152.0,352443.0,
2024-07-08,154.0,149.6,154.0,148.4,141032.0,
2024-07-09,148.08,148.4,149.56,147.84,74445.0,
2024-07-10,149.6,147.24,149.6,146.0,164085.0,
2024-07-11,148.0,147.6,148.8,147.2,121555.0,
2024-07-14,149.32,149.48,150.8,147.2,166180.0,
2024-07-15,151.24,148.0,151.24,147.56,392073.0,
2024-07-16,150.9,162.8,162.8,150.9,49035.0,
2024-07-17,166.0,179.0,179.0,166.0,49212.0,
2024-07-18,182.5,196.9,196.9,182.5,507091.0,
2024-07-21,200.8,199.0,212.0,195.5,398086.0,
2024-07-22,202.0,205.0,212.1,193.0,185359.0,
2024-07-23,203.0,207.7,209.1,200.0,198665.0,
2024-07-24,210.0,202.0,213.9,200.0,257270.0,
2024-07-25,205.0,200.0,205.0,199.2,125615.0,
2024-07-28,204.0,202.1,214.2,200.0,151895.0,
2024-07-29,205.0,201.0,205.0,198.6,172151.0,
2024-07-30,200.0,200.0,203.0,197.1,183372.0,
2024-07-31,203.0,208.5,213.0,198.0,390286.0,
2024-08-01,210.0,205.5,212.6,205.0,220330.0,
2024-08-05,206.0,204.5,208.0,202.0,135160.0,
2024-08-06,204.2,195.4,206.0,195.0,185004.0,
2024-08-07,191.5,199.0,201.0,191.5,123645.0,
2024-08-08,200.0,198.0,204.0,197.0,161592.0,
2024-08-11,201.9,217.8,217.8,199.0,566497.0,
2024-08-12,222.1,239.5,239.5,222.1,336436.0,
2024-08-13,244.2,246.7,263.1,243.0,387268.0,
2024-08-14,251.6,258.0,267.0,234.0,411687.0,
2024-08-15,263.1,268.0,272.0,254.8,465244.0,
2024-08-18,273.0,257.0,274.9,253.0,301997.0,
2024-08-21,258.0,248.0,263.0,246.0,206933.0,
2024-08-22,243.1,246.1,254.0,240.1,206443.0,
2024-08-25,245.0,235.0,249.0,234.5,201737.0,
2024-08-27,239.7,219.0,239.7,218.0,220961.0,
2024-08-28,220.3,226.5,236.5,220.0,203630.0,
2024-08-29,231.0,227.0,231.0,221.5,103699.0,
2024-09-01,226.9,218.0,229.0,217.4,104307.0,
2024-09-02,214.0,237.0,239.0,214.0,172402.0,
2024-09-03,240.0,238.0,246.1,236.0,128659.0,
2024-09-04,242.7,228.9,242.7,225.0,96600.0,
2024-09-05,225.0,223.0,228.3,219.4,88795.0,
2024-09-08,223.0,221.0,227.4,220.6,37848.0,
2024-09-09,222.0,214.0,222.0,212.0,73571.0,
2024-09-10,216.2,213.5,222.0,210.8,66546.0,
2024-09-11,217.7,208.2,217.7,208.0,68401.0,
2024-09-12,208.2,224.0,228.0,208.2,70592.0,
2024-09-15,226.4,215.9,231.5,214.0,81711.0,
2024-09-16,211.7,210.0,215.8,208.0,83837.0,
2024-09-18,211.0,207.1,213.0,204.0,48995.0,
2024-09-22,210.0,207.1,218.0,206.0,51364.0,
2024-09-23,207.1,202.0,209.0,200.0,71356.0,
2024-09-24,200.0,194.9,205.8,194.0,85666.0,
2024-09-25,194.0,198.8,201.0,190.1,65725.0,
2024-09-26,200.0,195.0,202.7,194.0,41287.0,
2024-09-29,192.0,190.0,195.0,187.6,37641.0,
2024-09-30,189.0,192.5,193.7,187.2,10567.0,
2024-10-01,194.5,209.9,211.0,194.5,99634.0,
2024-10-02,214.0,205.1,219.0,204.0,72104.0,
2024-10-06,205.0,213.0,213.0,200.9,53687.0,
2024-10-07,213.0,216.0,220.0,213.0,48479.0,
2024-10-08,216.0,212.0,219.0,210.0,22498.0,
2024-10-09,210.9,213.0,215.0,208.0,27678.0,
2024-10-09,210.9,213.0,215.0,208.0,27678.0,
2024-10-15,214.0,215.0,216.0,212.0,11650.0,
2024-10-16,217.3,223.9,226.0,216.0,90364.0,
2024-10-17,225.0,220.0,228.0,219.5,58750.0,
2024-10-20,215.6,213.0,218.7,212.0,71155.0,
2024-10-21,214.0,208.4,214.0,206.5,54420.0,
2024-10-22,208.0,212.0,212.9,208.0,36446.0,
2024-10-23,216.2,209.0,216.2,208.3,21494.0,
2024-10-24,207.0,208.0,210.0,207.0,32801.0,
2024-10-27,212.1,207.5,212.1,206.0,23299.0,
2024-10-28,209.0,210.8,210.9,208.0,17676.0,
2024-10-29,213.0,216.5,217.0,210.0,51681.0,
2024-10-30,217.1,213.0,217.1,213.0,26786.0,
2024-11-05,217.0,211.5,217.0,211.5,12667.0,
2024-11-06,211.5,212.0,214.5,210.2,15665.0,
2024-11-10,215.0,225.0,225.8,213.0,151269.0,
2024-11-11,220.5,223.9,233.0,220.5,85636.0,
2024-11-12,219.5,212.9,219.5,201.6,1198640.0,
2024-11-13,211.0,210.0,214.0,209.0,352575.0,
2024-11-14,213.0,211.1,214.0,210.1,266665.0,
2024-11-17,214.0,214.8,221.8,213.0,427283.0,
2024-11-19,218.0,211.5,218.0,211.1,365848.0,
2024-11-20,211.5,215.0,217.8,209.7,330973.0,
2024-11-21,215.0,211.1,217.5,211.0,217582.0,
2024-11-24,214.9,207.1,214.9,207.1,205456.0,
2024-11-25,211.0,207.5,211.0,207.0,154709.0,
2024-11-26,211.6,212.0,215.8,209.0,183777.0,
2024-11-27,214.9,213.0,215.0,212.0,190062.0,
2024-11-28,214.0,211.0,215.0,210.5,172989.0,
2024-12-01,209.0,208.0,210.0,206.8,184503.0,
2024-12-02,212.0,212.0,217.0,207.8,441372.0,
2024-12-03,207.8,213.0,216.1,207.8,254549.0,
2024-12-04,216.0,223.8,229.0,213.7,1195984.0,
2024-12-05,219.5,217.0,227.0,216.0,487617.0,
2024-12-08,221.0,212.0,221.0,210.0,307817.0,
2024-12-09,212.0,212.0,215.0,209.1,191382.0,
2024-12-10,212.0,209.0,213.0,208.5,182351.0,
2024-12-11,209.0,215.0,215.9,208.5,168471.0,
2024-12-12,219.3,209.5,219.3,209.0,195728.0,
2024-12-16,212.0,205.0,212.0,204.1,263179.0,
2024-12-17,205.0,205.0,208.0,203.0,141139.0,
2024-12-18,205.0,203.9,209.0,203.0,106487.0,
2024-12-19,203.0,201.0,205.0,200.1,154454.0,
2024-12-22,201.0,198.2,203.0,197.0,137289.0,
2024-12-23,198.3,200.5,202.0,196.0,133575.0,
2024-12-24,203.0,202.1,205.5,201.3,136707.0,
2024-12-26,202.0,200.1,203.5,199.0,84210.0,
2024-12-29,203.0,197.0,203.0,196.5,124123.0,
2024-12-31,196.0,194.0,197.0,189.0,197677.0,
2025-01-01,194.0,194.0,195.8,192.0,81368.0,
2025-01-02,195.0,194.4,195.4,192.5,87500.0,
2025-01-05,198.2,195.5,198.2,192.3,71237.0,
2025-01-06,199.0,204.0,205.0,195.3,223201.0,
2025-01-07,204.0,203.0,207.7,202.0,155370.0,
2025-01-08,207.0,202.5,207.0,202.0,106640.0,
2025-01-09,201.7,201.0,204.0,199.2,150227.0,
2025-01-12,204.0,199.0,204.0,197.5,82392.0,
2025-01-13,200.0,196.5,200.0,196.2,91436.0,
2025-01-15,199.0,195.0,199.0,195.0,80172.0,
2025-01-16,195.0,194.5,197.9,194.0,106960.0,
2025-01-19,192.2,197.0,197.9,192.2,89771.0,
2025-01-20,197.0,196.5,199.0,196.5,99894.0,
2025-01-21,197.0,194.5,198.6,194.3,86047.0,
2025-01-22,197.0,199.5,202.0,195.0,165835.0,
2025-01-23,203.4,196.0,203.4,196.0,103499.0,
2025-01-26,196.0,197.0,200.9,196.0,98720.0,
2025-01-27,198.1,195.0,199.0,194.2,149756.0,
2025-01-28,196.0,197.0,198.0,195.0,123350.0,
2025-02-02,200.8,205.0,207.8,200.8,340429.0,
2025-02-03,209.0,205.3,211.0,205.1,254645.0,
2025-02-04,209.4,203.8,209.4,201.9,235121.0,
2025-02-05,204.0,205.0,207.8,203.0,241992.0,
2025-02-06,203.9,203.1,207.5,203.0,164878.0,
2025-02-09,204.0,208.0,211.6,204.0,364159.0,
2025-02-10,212.0,206.0,212.0,203.3,142581.0,
2025-02-11,210.0,204.9,210.0,203.0,91585.0,
2025-02-12,201.1,203.6,206.7,201.1,105446.0,
2025-02-13,199.7,205.0,207.0,199.7,150802.0,
2025-02-16,209.1,207.0,209.1,202.0,198236.0,
2025-02-17,206.0,206.2,209.9,206.0,256256.0,
2025-02-18,202.1,205.0,210.0,202.1,141710.0,
2025-02-20,200.9,202.9,206.4,200.9,124030.0,
2025-02-23,200.0,202.5,204.0,199.0,164757.0,
2025-02-24,198.5,205.0,207.0,198.5,181109.0,
2025-02-25,204.0,203.3,206.4,203.1,112464.0,
2025-02-27,199.9,217.9,218.9,199.9,682497.0,
2025-03-02,220.0,224.2,225.0,217.6,617029.0,
2025-03-02,220.0,224.2,225.0,217.6,617029.0,
2025-03-03,225.0,216.5,227.8,216.0,458986.0,
2025-03-04,212.2,222.9,231.0,212.2,925906.0,
2025-03-05,227.3,224.8,229.5,222.0,650953.0,
2025-03-06,220.4,221.9,226.4,220.4,222256.0,
2025-03-09,226.3,214.4,226.3,214.0,328350.0,
2025-03-10,214.6,214.0,218.4,210.9,249996.0,
2025-03-11,214.0,207.9,216.0,207.1,231008.0,
2025-03-12,203.8,210.0,212.0,203.8,176221.0,
2025-03-16,212.0,207.8,213.0,205.3,162900.0,
2025-03-17,207.8,207.6,211.1,206.0,172370.0,
2025-03-18,207.0,208.5,211.5,206.5,129222.0,
2025-03-19,210.0,206.0,210.0,205.0,124643.0,
2025-03-20,207.0,204.33,207.0,203.2,130037.0,
2025-03-23,208.4,200.79,208.4,200.1,187625.0,
2025-03-24,196.8,204.15,205.9,196.8,144996.0,
2025-03-25,200.1,199.49,203.0,199.0,155446.0,
2025-03-26,195.6,201.55,203.0,195.6,114124.0,
2025-03-27,203.0,204.07,204.6,200.2,130032.0,
2025-03-30,203.0,207.03,209.8,202.0,183593.0,
2025-04-01,209.0,205.12,210.0,203.1,108263.0,
2025-04-02,206.0,204.72,207.0,202.4,69728.0,
2025-04-03,204.0,203.16,207.0,203.0,109881.0,
2025-04-07,205.0,201.48,205.0,201.0,83255.0,
2025-04-08,203.4,202.23,203.4,198.1,112432.0,
2025-04-09,204.0,201.84,205.0,200.3,45674.0,
2025-04-10,201.0,201.78,204.0,200.0,85211.0,
2025-04-13,203.0,199.83,203.8,199.0,76878.0,
2025-04-15,201.2,203.37,205.9,201.0,109758.0,
2025-04-16,204.0,207.68,211.0,202.0,179387.0,
2025-04-17,210.0,209.87,211.1,207.0,248800.0,
2025-04-20,212.0,206.12,213.0,205.5,139315.0,
2025-04-21,208.1,210.74,216.0,205.6,281361.0,
2025-04-22,211.0,207.39,214.0,207.0,108809.0,
2025-04-23,203.4,204.02,210.0,203.0,88794.0,
2025-04-24,200.0,204.27,206.0,200.0,155166.0,
2025-04-27,206.9,205.67,209.0,204.3,147945.0,
2025-04-28,209.7,206.88,215.9,205.6,325469.0,
2025-04-29,207.0,206.05,209.0,206.0,111895.0,
2025-04-30,206.2,210.21,212.8,205.6,241252.0,
2025-05-04,206.1,211.08,217.0,206.1,299558.0,
2025-05-05,212.0,207.86,213.0,207.1,129477.0,
2025-05-06,208.0,209.92,211.0,208.0,162749.0,
2025-05-07,214.0,215.95,219.1,211.0,597244.0,
2025-05-08,211.7,219.19,224.5,211.7,659944.0,
2025-05-11,220.0,213.63,223.0,212.8,273578.0,
2025-05-13,209.4,209.86,217.5,209.1,188358.0,
2025-05-14,205.7,206.59,214.0,205.7,168194.0,
2025-05-15,202.5,205.45,208.0,202.5,185187.0,
2025-05-18,209.5,205.35,209.5,205.0,97802.0,
2025-05-18,209.5,205.35,209.5,205.0,97802.0,
2025-05-19,201.3,206.78,208.0,201.3,94361.0,
2025-05-20,207.8,211.63,212.8,204.9,131647.0,
2025-05-21,215.8,207.94,220.0,207.0,219126.0,
2025-05-22,204.0,206.15,211.0,204.0,197824.0,
2025-05-25,202.1,207.47,209.0,202.1,102803.0,
2025-05-26,211.5,207.15,212.9,206.3,129956.0,
2025-05-27,206.2,206.6,207.9,204.1,95713.0,
2025-05-28,202.5,208.23,210.0,202.5,134788.0,
2025-06-02,210.0,207.6,212.3,207.0,117366.0,
2025-06-03,210.0,205.97,210.0,205.1,74767.0,
2025-06-04,208.0,205.34,208.0,204.0,119677.0,
2025-06-05,206.9,205.65,207.0,204.0,99349.0,
2025-06-08,209.0,205.05,209.0,204.9,106941.0,
2025-06-09,206.5,207.43,208.5,204.5,108637.0,
2025-06-10,209.0,209.24,211.3,208.1,221707.0,
2025-06-11,210.0,209.7,211.0,206.0,147936.0,
2025-06-12,213.0,208.2,213.0,208.0,238877.0,
2025-06-15,209.0,213.55,215.0,208.0,343832.0,
2025-06-16,215.0,211.96,218.0,211.4,437254.0,
2025-06-17,213.0,209.72,214.0,208.7,93693.0,
2025-06-18,210.0,211.23,213.5,210.0,123710.0,
2025-06-19,213.2,218.06,222.0,211.0,1069499.0,
2025-06-22,222.4,211.13,222.4,210.3,307980.0,
2025-06-23,210.5,209.88,213.8,208.4,160563.0,
2025-06-24,213.0,211.26,217.0,210.7,180434.0,
2025-06-25,215.0,210.97,215.0,208.6,96883.0,
2025-06-26,214.6,210.93,215.0,209.6,206445.0,
2025-06-29,210.0,209.82,212.0,208.8,120043.0,
2025-06-30,205.7,210.61,215.3,205.7,143697.0,
2025-07-01,214.0,211.53,214.0,208.0,137723.0,
2025-07-02,215.7,210.63,215.7,209.0,186417.0,
2025-07-03,211.9,209.44,212.1,208.0,202803.0,
2025-07-06,210.0,208.24,211.9,208.0,133030.0,
2025-07-07,204.1,205.99,212.0,204.1,122098.0,
2025-07-08,207.0,207.91,208.8,203.1,97191.0,
2025-07-09,209.9,208.34,209.9,207.0,76642.0,
2025-07-10,210.0,206.84,211.4,206.4,166632.0,
2025-07-13,210.9,208.09,214.9,207.9,155264.0,
2025-07-14,211.0,207.12,211.0,206.7,111586.0,
2025-07-15,203.0,208.52,209.5,203.0,153945.0,
2025-07-16,212.6,208.2,212.6,206.1,136500.0,
2025-07-17,210.0,216.61,218.7,208.2,479214.0,
2025-07-20,220.0,214.16,223.0,213.0,526184.0,
2025-07-21,216.0,215.16,217.6,212.5,280927.0,
2025-07-22,215.0,218.31,220.0,215.0,365860.0,
2025-07-23,218.0,224.8,227.5,218.0,709719.0,
2025-07-24,219.9,229.0,233.5,219.9,487211.0,
2025-07-27,230.0,222.15,232.9,221.0,703373.0,
2025-07-28,223.0,224.48,226.0,218.1,397960.0,
2025-07-29,228.0,222.78,228.0,221.1,262559.0,
2025-07-30,219.0,217.82,226.0,217.5,295474.0,
2025-07-31,218.0,215.36,219.0,215.0,308795.0,
2025-08-03,215.0,211.92,216.0,211.1,206019.0,
2025-08-04,207.7,215.09,218.1,207.7,156500.0,
2025-08-05,219.0,211.3,219.0,210.1,111453.0,
2025-08-06,215.5,209.65,215.5,209.1,120120.0,
2025-08-07,209.1,211.89,213.8,209.1,132711.0,
2025-08-11,212.0,209.03,215.0,208.9,151537.0,
2025-08-12,209.5,207.75,211.0,207.0,116097.0,
2025-08-13,208.9,206.6,209.0,206.0,83007.0,
2025-08-14,209.7,207.2,209.7,206.0,98372.0,
2025-08-17,206.3,206.25,208.7,206.0,75642.0,
2025-08-18,205.0,206.22,207.9,205.0,99015.0,
2025-08-19,208.0,206.37,208.1,206.0,64374.0,
2025-08-20,205.0,205.13,207.0,205.0,85931.0,
2025-08-21,201.1,205.11,208.0,201.1,65229.0,
2025-08-24,203.5,203.78,207.0,203.5,53345.0,
2025-08-25,200.4,204.01,207.0,200.4,61146.0,
2025-08-26,201.0,203.69,205.9,201.0,40922.0,
2025-08-27,204.0,207.85,208.0,202.0,66153.0,
2025-08-28,210.0,204.08,210.0,203.5,80486.0,
2025-08-31,203.1,201.46,205.5,201.0,80087.0,
2025-09-01,200.0,202.91,203.4,200.0,36184.0,
2025-09-02,204.9,200.42,204.9,200.1,47363.0,
2025-09-03,200.2,199.01,202.0,198.5,70689.0,
2025-09-04,200.0,197.11,200.0,196.0,96919.0,
2025-09-07,193.2,196.04,200.1,193.2,36273.0,
2025-09-08,195.2,191.33,197.0,191.1,107453.0,
2025-09-18,188.0,173.0,188.0,173.0,12385.0,
2025-09-21,173.0,190.3,190.3,172.9,159569.0,
2025-09-23,192.0,199.9,200.0,192.0,111578.0,
2025-09-24,201.0,195.3,201.0,194.0,51286.0,
2025-09-25,196.0,195.0,196.9,193.0,52609.0,
2025-09-28,195.1,196.5,197.0,194.0,15210.0,
2025-10-07,195.0,192.9,198.0,191.1,48204.0,
2025-10-08,194.0,189.0,194.0,187.5,77625.0,
2025-10-09,192.7,192.5,203.0,191.1,66829.0,
2025-10-12,190.0,187.0,191.5,185.0,58952.0,
2025-10-13,185.0,190.0,194.0,185.0,44632.0,
2025-10-14,188.0,187.2,193.0,187.0,30342.0,
2025-10-15,187.0,184.9,188.9,184.0,40467.0,
2025-10-16,186.9,183.4,186.9,183.0,48520.0,
2025-10-19,184.0,184.0,187.9,184.0,25767.0,
2025-10-26,181.1,183.1,185.7,179.0,22190.0,
2025-10-28,185.0,193.8,193.8,183.0,50987.0,
2025-10-29,193.8,191.0,196.4,190.5,53972.0,
2025-10-30,188.1,194.0,196.8,187.2,76960.0,
2025-11-02,196.9,198.7,199.7,192.9,57710.0,
2025-11-03,199.0,195.2,200.9,195.0,36109.0,
2025-11-04,196.4,190.2,197.9,190.2,41445.0,
2025-11-05,190.0,192.0,193.4,186.4,38207.0,
2025-11-06,195.8,190.4,195.8,190.0,29173.0,
2025-11-09,188.0,187.0,192.0,187.0,37217.0,
2025-11-10,190.7,186.2,190.7,185.2,27762.0,
2025-11-11,188.0,186.3,188.9,186.1,33315.0,
2025-11-12,190.0,186.0,190.0,185.5,21193.0,
2025-11-13,188.0,186.8,188.0,185.0,30378.0,
2025-11-16,187.0,185.5,189.0,184.3,29570.0,
2025-11-17,187.9,186.0,187.9,184.2,20152.0,
2025-11-18,185.0,188.1,190.0,185.0,30468.0,
2025-11-19,191.0,187.1,191.0,187.0,17456.0,
2025-11-20,186.6,186.9,188.7,185.1,48359.0,
2025-11-23,188.0,192.9,193.2,187.0,82587.0,
2025-11-24,193.0,194.1,195.0,192.0,34527.0,
2025-11-25,195.0,193.4,195.0,191.0,37685.0,
2025-11-26,191.5,191.0,192.9,190.1,49374.0,
2025-11-27,192.0,192.0,194.0,191.1,58816.0,
2025-11-30,195.8,190.2,195.8,190.0,54742.0,
2025-12-01,190.0,190.0,192.0,188.0,50310.0,
2025-12-02,190.1,188.3,191.0,188.2,25332.0,
2025-12-03,190.0,187.5,191.0,187.0,42060.0,
2025-12-07,186.0,186.9,187.0,184.5,63698.0,
2025-12-08,186.0,186.0,187.8,184.1,46839.0,
2025-12-09,185.0,185.8,188.0,185.0,33270.0,
2025-12-10,186.0,184.5,186.8,184.5,39735.0,
2025-12-11,184.0,184.4,185.9,184.0,39013.0,
2025-12-14,185.0,183.0,186.0,182.7,36775.0,
2025-12-15,185.0,183.0,185.0,182.0,18667.0,
2025-12-16,185.0,184.0,186.0,183.0,38330.0,
2025-12-17,184.1,183.2,185.0,183.2,56720.0,
2025-12-18,183.2,182.4,185.0,182.0,42178.0,
2025-12-21,182.0,186.9,187.9,180.4,118955.0,
2025-12-22,190.6,184.0,190.6,183.4,30365.0,
2025-12-23,184.0,183.0,185.1,182.1,37248.0,
2025-12-24,185.0,182.7,185.0,181.6,52107.0,
2025-12-28,184.0,186.7,188.1,184.0,55433.0,
2025-12-29,188.0,186.9,190.6,186.5,142362.0,
2025-12-31,188.0,192.4,195.0,188.0,172436.0,
2026-01-01,196.0,193.0,196.0,191.2,85837.0,
2026-01-04,195.0,190.8,195.0,190.0,71231.0,
2026-01-05,190.1,192.6,193.5,190.0,89437.0,
2026-01-06,194.9,197.0,199.8,193.1,215922.0,
2026-01-07,198.9,198.2,202.1,196.9,218322.0,
2026-01-08,202.1,205.9,209.9,199.3,297985.0,
2026-01-12,210.0,200.0,210.0,198.1,166196.0,
2026-01-13,200.0,201.9,203.0,200.0,145948.0,
2026-01-14,202.0,202.8,203.5,200.0,113795.0,
2026-01-18,201.1,209.1,211.5,201.1,404482.0,
2026-01-20,211.0,226.1,229.5,210.2,1149972.0,
2026-01-21,230.6,232.1,241.0,230.0,1840454.0,
2026-01-22,235.0,244.0,244.5,232.1,1694796.0,
2026-01-25,245.0,268.4,268.4,245.0,1668005.0,
2026-01-26,273.7,282.2,291.0,269.0,2013923.0,
2026-01-27,285.0,277.0,300.0,277.0,1780888.0,
2026-01-28,280.0,304.7,304.7,268.3,2919410.0,
2026-01-29,305.0,312.0,321.0,300.0,1254601.0,
2026-02-01,311.5,326.4,341.0,305.0,1746924.0,
2026-02-02,319.9,326.9,338.0,319.9,1252669.0,
2026-02-03,320.4,322.0,333.0,320.4,1258177.0,
2026-02-04,317.0,354.2,354.2,317.0,2346577.0,
2026-02-05,361.2,352.8,372.3,351.0,1125013.0,
2026-02-08,357.0,363.0,376.0,351.0,1426865.0,
2026-02-09,,385.0,,,,ANKHU
2026-02-11,365.9,385.0,392.0,360.0,1649954.0,
2026-02-11,365.9,385.0,392.0,360.0,1649954.0,
2026-02-11,365.9,385.0,392.0,360.0,1649954.0,
2026-02-11,365.9,385.0,392.0,360.0,1649954.0,
2026-02-11,365.9,385.0,392.0,360.0,1649954.0,
2026-02-11,365.9,385.0,392.0,360.0,1649954.0,
2026-02-11,365.9,385.0,392.0,360.0,1649954.0,
2026-02-11,365.9,385.0,392.0,360.0,1649954.0,
2026-02-11,365.9,385.0,392.0,360.0,1649954.0,
2026-02-11,365.9,385.0,392.0,360.0,1649954.0,
2026-02-11,365.9,385.0,392.0,360.0,1649954.0,
